epoch,phase,contrastive_loss,loss,lr,mae,rel_err_pct,rmse,time_sec
1,selfsup,0.391149547471795,,,,,,
2,selfsup,0.3139359053745064,,,,,,
3,selfsup,0.2751127591617004,,,,,,
4,selfsup,0.268426148641494,,,,,,
5,selfsup,0.2492101525747647,,,,,,
6,selfsup,0.2413544521857333,,,,,,
7,selfsup,0.2288927918960971,,,,,,
8,selfsup,0.2267941505678238,,,,,,
9,selfsup,0.2165671646274546,,,,,,
10,selfsup,0.2146852165460586,,,,,,
11,selfsup,0.2083193153463384,,,,,,
12,selfsup,0.2010899081986437,,,,,,
13,selfsup,0.2051689270683514,,,,,,
14,selfsup,0.1945030315108196,,,,,,
15,selfsup,0.1989618793770831,,,,,,
16,selfsup,0.1942410315236737,,,,,,
17,selfsup,0.188470223097391,,,,,,
18,selfsup,0.1905417267673759,,,,,,
19,selfsup,0.1825677113186928,,,,,,
20,selfsup,0.1900397290385538,,,,,,
1,train,,218.52404341264204,0.0001,218.52403259277344,92.62659543432248,307.76167727642763,15.539841890335085
1,val,,208.1989086729108,0.0001,208.19891357421875,88.25004878391333,296.33525935585186,2.14846134185791
2,train,,174.91315007065282,0.0001,174.91314697265625,74.14108694842108,260.92741746987804,15.690634489059448
2,val,,135.1127230095141,0.0001,135.11273193359375,57.27073681494928,211.0089601178111,1.92057204246521
3,train,,124.43455896345452,0.0001,124.43455505371094,52.744538219688565,199.658986618434,15.66825556755066
3,val,,117.75119508685488,0.0001,117.75118255615234,49.91163222972126,185.0364723338348,1.9190306663513184
4,train,,94.5787693730107,0.0001,94.57876586914062,40.089453681114726,162.90239840545627,15.5047709941864
4,val,,102.17430188728102,0.0001,102.17430114746094,43.30900150212042,158.91625152891066,1.919395446777344
5,train,,81.9912775315821,0.0001,81.99127960205078,34.75394900383476,144.78547573695022,15.45987319946289
5,val,,74.78583632960463,0.0001,74.78583526611328,31.69975048033806,120.1143782699952,1.9800999164581297
6,train,,77.2292489202737,0.0001,77.229248046875,32.7354489557017,136.2618185814537,15.711381196975708
6,val,,72.781955649636,0.0001,72.78195190429688,30.85035697774166,113.93597434524357,1.9282243251800537
7,train,,74.1844770489317,0.0001,74.18447875976562,31.444851259870703,133.74134755891689,15.57006573677063
7,val,,77.14634098862157,0.0001,77.1463394165039,32.70030616456521,122.76360747514916,1.916372299194336
8,train,,70.32738190211029,0.0001,70.32738494873047,29.809930543151346,128.0857180636272,15.460633516311646
8,val,,74.68007322369199,0.0001,74.6800765991211,31.65492216033794,122.77744808315776,1.93782377243042
9,train,,68.18040701355596,0.0001,68.18040466308594,28.8998820145556,126.64641893747924,15.635581493377686
9,val,,58.5562461159446,0.0001,58.556243896484375,24.820453151045527,92.44599352459792,1.98670506477356
10,train,,65.35142146152278,0.0001,65.3514175415039,27.700748708755743,121.25769547099888,15.734132766723633
10,val,,52.82100994225704,0.0001,52.82101058959961,22.38943845250207,86.54056299197937,1.930830478668213
11,train,,63.354226322366735,0.0001,63.35422897338867,26.85419295326315,122.16475171873432,15.538140058517456
11,val,,68.95801960338245,0.0001,68.95802307128906,29.22949402382018,112.7340447413735,1.891356468200684
12,train,,61.576882181906136,0.0001,61.57687759399414,26.100820405582752,118.44404253037592,15.5950608253479
12,val,,60.17261745568478,0.0001,60.1726188659668,25.50559202838684,93.57272823184114,1.91168475151062
13,train,,60.61559201635495,0.0001,60.6155891418457,25.69335548972716,117.31255410893796,15.641667127609251
13,val,,106.0129179983428,0.0001,106.0129165649414,44.93608971329196,159.85880000018767,1.9940948486328125
14,train,,58.86439347443757,0.0001,58.86439514160156,24.951070367752017,115.50579581643296,15.704451084136965
14,val,,80.4013842496005,0.0001,80.40138244628906,34.08003337466843,123.15945742461275,1.9159865379333496
15,train,,54.36172379259308,0.0001,54.36172103881836,23.0425051287592,110.25260413591144,15.49539279937744
15,val,,91.0704106648763,0.0001,91.0704116821289,38.60235452599481,150.36022501188603,1.920143842697144
16,train,,55.22610047722505,0.0001,55.22610092163086,23.408893048462488,110.5128227147194,15.549968481063845
16,val,,66.8765278671727,0.0001,66.87652587890625,28.347202057844672,98.21667691894284,1.9263091087341309
17,train,,53.82996865988581,0.0001,53.8299674987793,22.817108775600392,108.5507198919588,15.656718254089355
17,val,,63.5008827903054,0.0001,63.50088882446289,26.916358209443818,98.3207591492636,1.9651129245758057
18,train,,51.6551579896047,0.0001,51.6551628112793,21.89526621417773,106.64955663146236,15.51941442489624
18,val,,55.76478054162228,0.0001,55.76477813720703,23.637224164852803,85.24804398874059,1.9509201049804688
19,train,,49.08037250403202,0.0001,49.08037185668945,20.80387998425589,104.7524518656962,15.639126300811768
19,val,,67.42660841508345,0.0001,67.42660522460938,28.58036623848301,112.44422228376165,1.9192814826965328
20,train,,47.28489909316554,0.0001,47.2849006652832,20.04282692438357,101.29031315512113,15.633797645568848
20,val,,53.77937027902314,0.0001,53.77937316894531,22.795663167741928,86.37936120954328,1.911301612854004
21,train,,47.66418099965311,0.0001,47.6641845703125,20.20359540558476,104.2311321355093,15.514410495758057
21,val,,67.36674790815873,0.0001,67.36675262451172,28.554996294001626,116.50701175921772,2.0017571449279785
22,train,,45.85478079439414,0.0001,45.85478210449219,19.43663724454931,100.77746601423355,15.744759559631348
22,val,,50.19367178714637,0.0001,50.19367218017578,21.2757787372661,86.92129499402031,1.921325445175171
23,train,,44.36167657254922,0.0001,44.36167907714844,18.80375010433595,99.86905978110788,15.732422828674316
23,val,,56.740998770973896,0.0001,56.740997314453125,24.051017822738768,91.87476084152546,1.9518978595733645
24,train,,44.75077527235654,0.0001,44.75077438354492,18.96867738077032,98.9070152024112,15.561546802520752
24,val,,48.68078106966885,0.0001,48.680782318115234,20.63450447776361,76.18013256523153,1.8986122608184808
25,train,,44.14441931881888,0.0001,44.14441680908203,18.71165833772997,97.98711450683196,15.684027194976808
25,val,,47.651019495183775,0.0001,47.65102005004883,20.19801531058888,76.54022635189943,1.98437762260437
26,train,,41.77759762902051,0.0001,41.7775993347168,17.70842660132203,96.6806619269076,15.727657794952393
26,val,,53.43159889452385,0.0001,53.43159866333008,22.648250693010617,81.66152095023855,1.9154224395751955
27,train,,41.68639574789439,0.0001,41.68639755249024,17.6697685622727,96.1821899931323,15.489165544509888
27,val,,56.165702912301725,0.0001,56.16570281982422,23.807165603029564,92.41305563372796,1.908341646194458
28,train,,39.38288014216054,0.0001,39.38288116455078,16.693368493088478,93.23052431506808,15.435402154922484
28,val,,49.24748454238429,0.0001,49.24748611450195,20.87471532621901,81.7830680204879,1.9371213912963867
29,train,,39.07643954601352,0.0001,39.07644271850586,16.56347728784873,93.37825253706023,15.612286806106567
29,val,,50.3804685419256,0.0001,50.380470275878906,21.354957541687032,83.05161822061326,2.0043587684631348
30,train,,38.93956158827451,0.0001,38.9395637512207,16.50545789027603,92.05178569696515,15.55480170249939
30,val,,45.08439504450018,0.0001,45.08439636230469,19.110090970519625,71.56393284591758,1.925952672958374
31,train,,37.142569277984926,0.0001,37.14257049560547,15.743759667379592,89.95493934899434,15.43186378479004
31,val,,50.788979085286456,0.0001,50.78897857666016,21.528113476334727,83.35609031719729,1.9357047080993648
32,train,,37.53155546220465,0.0001,37.53155517578125,15.90864005226584,90.84321250270986,15.641283750534058
32,val,,45.124354645700166,0.0001,45.12435531616211,19.12702852108957,72.4217856660722,1.909989595413208
33,train,,36.76657292658231,0.0001,36.76657104492188,15.58438338007256,90.1014917112572,15.641735792160034
33,val,,45.44660658402877,0.0001,45.44660949707031,19.263623600755206,71.7808282530057,1.987962007522583
34,train,,35.272615469987144,0.0001,35.27261734008789,14.951135660023663,88.4511252754876,15.601762533187866
34,val,,49.87333015673088,0.0001,49.873329162597656,21.13999374951794,80.65622881150439,1.917042255401612
35,train,,35.122465440640944,0.0001,35.12246322631836,14.887489276676677,89.07107963061019,15.622421264648438
35,val,,44.42073112256599,0.0001,44.42073440551758,18.82878210556433,71.74159494541851,1.9140686988830569
36,train,,33.00221957839298,0.0001,33.002220153808594,13.988773950176329,85.85881340808147,15.690623044967651
36,val,,51.71326518203273,0.0001,51.71326446533203,21.91989397780453,79.97933387854796,1.9319043159484863
37,train,,34.06397730380999,0.0001,34.06398010253906,14.438826093423646,87.61299066241547,15.735105752944946
37,val,,48.13032890088631,0.0001,48.13032913208008,20.40118183603164,79.63129758259312,1.973243951797485
38,train,,33.26851048967252,0.0001,33.26850891113281,14.101646757348728,85.89999749890858,15.714994430541992
38,val,,45.782704023881394,0.0001,45.7827033996582,19.406084974785305,75.43016612030958,1.9221267700195312
39,train,,31.95589695683232,0.0001,31.95589828491211,13.545265603316526,86.14374399169246,15.736111640930176
39,val,,48.43175169048887,0.0001,48.43174743652344,20.528945135151872,81.71300469765355,1.9190702438354488
40,train,,31.26368620516073,0.0001,31.263687133789062,13.251855485035916,85.4377171723648,15.748724699020386
40,val,,49.107211858576,0.0001,49.10721206665039,20.815256843206303,80.17041480593855,1.978992938995361
41,train,,31.75785795526473,0.0001,31.75786018371582,13.461322455908686,84.77320962611066,15.403707265853882
41,val,,45.81340449940075,0.0001,45.81340408325195,19.41909818786282,75.56764353875275,1.9389512538909912
42,train,,30.299430708451705,0.0001,30.299428939819336,12.843131773655816,84.96777019938942,15.85330080986023
42,val,,48.15942468354197,0.0001,48.159423828125,20.41351431318648,81.3833371065217,1.9188272953033447
43,train,,30.039568061700173,0.0001,30.03956794738769,12.73298352712413,83.64959875034518,15.762814998626707
43,val,,46.16431813095555,0.0001,46.1643180847168,19.5678414123907,82.029922608308,1.975772857666016
44,train,,29.68746283303206,0.0001,29.687463760375977,12.583735814210817,82.15334366293315,15.764191150665283
44,val,,45.44576099280155,0.0001,45.445762634277344,19.26326463786962,74.14058054529752,1.9283287525177
45,train,,28.69301881886492,0.0001,28.693017959594727,12.162216369518983,83.41115864630314,15.412697315216064
45,val,,41.21010400020715,0.0001,41.21010208129883,17.467879426605297,70.65804674849497,1.9263973236083984
46,train,,30.01087954485858,0.0001,30.01087951660156,12.720823255136906,84.97458259679773,15.665826559066772
46,val,,50.13486591685902,0.0001,50.13486099243164,21.250850220116995,79.32296522760606,1.9380443096160889
47,train,,28.94673931622746,0.0001,28.94673728942871,12.269761326655097,83.19158810860176,15.650588750839232
47,val,,44.59239737770774,0.0001,44.5923957824707,18.901544852642864,72.11416729741806,1.978046417236328
48,train,,27.409514255716346,0.0001,27.40951156616211,11.618171735016936,81.2601045399509,15.70211100578308
48,val,,47.28136520385742,0.0001,47.28136444091797,20.04132801102996,81.39691345211592,1.9577898979187007
49,train,,28.52356974026972,0.0001,28.523569107055664,12.090391453400056,82.3773294909619,15.710899353027344
49,val,,44.41281823822946,0.0001,44.412818908691406,18.82542693444904,70.96221692188563,1.918870210647583
50,train,,27.70395106948185,0.0001,27.703950881958008,11.7429768242357,81.0534009687055,15.654663801193236
50,val,,42.77071928544478,0.0001,42.77071762084961,18.12938334674556,69.22497855723756,1.9109199047088623
51,train,,26.619205785680705,0.0001,26.61920738220215,11.283182557629164,80.32963703352269,15.738360166549684
51,val,,48.195439078591086,0.0001,48.195438385009766,20.428779937523554,83.26516026563871,1.9293315410614007
52,train,,27.2952861310657,0.0001,27.295286178588867,11.569754594634066,81.39360806349445,15.67367959022522
52,val,,46.20234379623876,0.0001,46.20234298706055,19.58395916934356,75.18351896152174,1.962111234664917
53,train,,26.000628154767483,0.0001,26.000629425048828,11.0209836154716,79.05511329129824,15.752707481384276
53,val,,48.3458288712935,0.0001,48.34583282470703,20.49252818871403,78.1609073732275,1.938803434371948
54,train,,24.93887753085255,0.0001,24.938879013061523,10.570935514599125,78.77099174585146,15.676106452941896
54,val,,44.27774175008138,0.0001,44.277740478515625,18.768170737247907,74.49939374228994,1.9565978050231927
55,train,,26.371289996265965,0.0001,26.37129020690918,11.178096981344405,80.86848529595754,15.805974245071411
55,val,,46.21050280946674,0.0001,46.21049880981445,19.587416208304763,79.51381193894869,1.9299123287200928
56,train,,25.60988217620336,0.0001,25.609882354736328,10.85535619971532,79.42750478030264,15.477890014648438
56,val,,46.60148525816022,0.0001,46.60148620605469,19.753145491900643,78.66666597700389,1.894975662231445
57,train,,25.438758065323235,0.0001,25.438756942749023,10.782820634099895,80.67676995850478,16.008565425872803
57,val,,44.50859777277167,0.0001,44.50859832763672,18.86602531341899,74.19577275904942,1.915927171707153
58,train,,25.074326196021904,0.0001,25.07432746887207,10.628348555946149,78.41787914456275,15.71009397506714
58,val,,43.598508869517936,0.0001,43.59850692749024,18.48026148265761,74.55633749680506,1.938232183456421
59,train,,24.138756507334083,0.0001,24.13875770568848,10.231785116553269,77.88558941847009,15.725796699523926
59,val,,40.94557252363725,0.0001,40.94557189941406,17.355752033357273,68.63983360857236,1.917485237121582
60,train,,25.523097927722866,0.0001,25.52309799194336,10.81857058869088,79.2596849366057,15.790334224700928
60,val,,40.68897314360648,0.0001,40.68897247314453,17.246986279024274,66.41812393842513,1.9713640213012693
61,train,,24.07454638497196,0.0001,24.07454490661621,10.204566998295054,78.44830914067715,15.764418363571169
61,val,,47.77067061915543,0.0001,47.77067184448242,20.24873256225256,78.33738319262874,1.9310266971588133
62,train,,23.995615785129942,0.0001,23.995615005493164,10.171110687187069,77.7591778897755,15.625597476959229
62,val,,41.68225647897432,0.0001,41.682254791259766,17.668012553969845,69.99593668452299,1.943878173828125
63,train,,23.41847129911686,0.0001,23.41847038269043,9.926474246750027,77.70590716163412,15.689167499542236
63,val,,44.19434745094993,0.0001,44.1943473815918,18.732822594717152,75.56057108269994,2.0064072608947754
64,train,,22.869548960727474,0.0001,22.869548797607425,9.693800810408124,76.6511476593795,15.481668949127195
64,val,,41.87860750140566,0.0001,41.87860870361328,17.751241817978144,70.55582203785525,1.9162285327911377
65,train,,23.258853045376863,0.0001,23.25885391235352,9.858817019088924,77.52709644758889,15.7916157245636
65,val,,41.07568347815311,0.0001,41.07568740844727,17.41090457869287,68.00837566179808,1.92585563659668
66,train,,22.42678013425885,0.0001,22.4267807006836,9.506123048386335,76.72438879481217,15.760220527648926
66,val,,42.07712071736653,0.0001,42.07712173461914,17.8353862756497,70.71113041695592,1.955988407135009
67,train,,22.985895165851225,0.0001,22.98589515686035,9.743116974954932,77.91701690540712,15.482393741607666
67,val,,45.84508008089932,0.0001,45.84507751464844,19.432523723173777,76.28115078342584,1.9470655918121336
68,train,,21.303247017651696,0.0001,21.30324935913086,9.029887634839293,75.90167300424774,15.969879388809204
68,val,,42.72293201793324,0.0001,42.722930908203125,18.109127814908828,73.30721155265013,1.956556797027588
69,train,,22.225323885779588,0.0001,22.225322723388672,9.420730305361644,77.010877757423,15.80569052696228
69,val,,40.79175995335434,0.0001,40.7917594909668,17.29055499502497,68.83109918375378,1.935727596282959
70,train,,22.54448538243972,0.0001,22.54448699951172,9.55601565558502,76.74586460764515,15.715246677398682
70,val,,40.976445307876126,0.0001,40.97644805908203,17.368839626131795,72.36637740086897,1.9152228832244875
71,train,,21.86961625481294,0.0001,21.869617462158203,9.26995619170956,76.31192413787639,15.521180868148804
71,val,,38.59828072750207,0.0001,38.5982780456543,16.360795846755295,65.59099193224822,2.045289993286133
72,train,,21.342223187969992,0.0001,21.34222221374512,9.046407203851652,76.69338939284468,15.754084587097168
72,val,,41.17569235599402,0.0001,41.17569351196289,17.45329453819089,71.25959707843744,1.9043281078338623
73,train,,21.461402924534447,0.0001,21.461402893066406,9.096924762200272,76.582455945169,15.744343519210815
73,val,,44.93694316979611,0.0001,44.93694305419922,19.047589387729097,76.11388978859246,1.938535451889038
74,train,,20.55791830711493,0.0001,20.557918548583984,8.713961488711858,74.43453499552476,15.71028470993042
74,val,,42.29788473880652,0.0001,42.29788589477539,17.928962402292566,71.84344755808459,1.93253493309021
75,train,,19.26974798645636,0.0001,19.26974868774414,8.167940132914099,73.22965267738199,15.596111536026
75,val,,42.69066356312145,0.0001,42.69066619873047,18.095451652357937,74.1171047386752,1.918853998184204
76,train,,20.42593001163367,0.0001,20.425931930541992,8.658015829430973,74.9701568229819,15.835100889205933
76,val,,38.32667215520685,0.0001,38.32666778564453,16.245667394427763,65.26525279699949,1.9323148727416992
77,train,,19.628131169662733,0.0001,19.628129959106445,8.319848536945685,74.5172975672008,15.7545645236969
77,val,,37.487391061493845,0.0001,37.48738861083984,15.889919005311253,60.326123785119,1.930562973022461
78,train,,19.98504872948232,0.0001,19.985048294067383,8.471136840677143,74.18092128055063,15.661916732788086
78,val,,38.98934992009943,0.0001,38.989349365234375,16.526560703249746,69.21782589676593,1.9477438926696773
79,train,,19.97313155100402,0.0001,19.973133087158203,8.466086297554734,74.69199450388743,15.933639526367188
79,val,,43.201469444506095,0.0001,43.20146942138672,18.3119677164647,72.68312674935291,1.944735765457153
80,train,,19.63492093648172,0.0001,19.63492012023925,8.322726707830235,74.67359310902684,15.754626750946043
80,val,,42.35145640517726,0.0001,42.35145568847656,17.951669230230877,68.33605495088226,1.933593511581421
81,train,,19.94298034051452,0.0001,19.94297981262207,8.453305116792418,74.69458648389454,15.688478946685793
81,val,,45.55897413311583,0.0001,45.5589714050293,19.311250861092947,69.65835643405427,1.9115805625915527
82,train,,19.14447024823841,0.0001,19.14447021484375,8.114837880094159,74.47872559601332,15.445358991622925
82,val,,41.679751725630325,0.0001,41.67974853515625,17.6669502178625,72.58490112339997,1.9662511348724363
83,train,,18.493434416645705,0.0001,18.49343490600586,7.838881119413454,73.52461920272862,15.748513221740724
83,val,,38.588783194802026,0.0001,38.58878326416016,16.356771258366884,67.53778239460672,1.907167911529541
84,train,,19.621058730565338,0.0001,19.62105941772461,8.316851520240903,73.90669925867681,15.688082456588743
84,val,,42.05258509318034,0.0001,42.05258560180664,17.824986053667274,76.25404702374819,1.934301853179932
85,train,,18.380934500132344,0.0001,18.38093376159668,7.791194840401267,72.58699320147687,15.561575174331663
85,val,,40.85171691432144,0.0001,40.85171508789063,17.315968597154598,69.86373805151891,1.9150893688201904
86,train,,18.4929644356673,0.0001,18.492963790893555,7.838681426096465,73.91708760390759,15.568707942962646
86,val,,40.81736149643407,0.0001,40.81736373901367,17.301407962989217,67.23454385000875,1.9262421131134035
87,train,,18.96698945684465,0.0001,18.96698951721192,8.039608475886793,74.95325366103195,15.797548055648804
87,val,,40.56272236217152,0.0001,40.56272506713867,17.19347332092285,69.56982076257995,1.900118589401245
88,train,,18.22326509623415,0.0001,18.2232666015625,7.72436387415702,73.15651364219902,15.59456753730774
88,val,,42.39095662434896,0.0001,42.39095687866211,17.968412746808614,71.49514092427016,1.9304234981536863
89,train,,18.038299679996992,0.0001,18.038299560546875,7.64596120570194,73.14646453135995,15.64486837387085
89,val,,40.47694225889264,0.0001,40.4769401550293,17.1571113507828,68.6149632630795,1.9290375709533687
90,train,,18.758368330933028,0.0001,18.75836753845215,7.951179100883909,74.34228863107626,15.651443481445312
90,val,,41.77267624826143,0.0001,41.77267456054688,17.70633911828101,69.85191507083037,1.9227936267852783
91,train,,18.33949007169165,0.0001,18.33949089050293,7.773628296305904,72.56671230237043,15.684475660324097
91,val,,39.44499157992277,0.0001,39.44499206542969,16.719695671295273,67.17729210245639,1.959918975830078
92,train,,18.69252997761222,0.0001,18.692529678344727,7.923272161953325,73.40186302876617,15.63927125930786
92,val,,37.41978572498668,0.0001,37.41978454589844,15.861263418561787,62.55971171046807,1.937635898590088
93,train,,17.787575660731253,0.0001,17.787574768066406,7.539685554264914,72.8952185717623,15.469233989715576
93,val,,40.46224436904445,0.0001,40.46224594116211,17.15088285963288,69.65752578463794,1.9346392154693604
94,train,,17.05776415063877,0.0001,17.05776596069336,7.230338777423564,71.87973489838774,15.588242292404177
94,val,,42.4117412220348,0.0001,42.4117431640625,17.977223507004858,72.17091936204291,1.952982902526856
95,train,,17.86552320409704,0.0001,17.865522384643555,7.572725500764603,73.23932369401189,15.669754981994627
95,val,,42.48923836910363,0.0001,42.48923873901367,18.010071844935982,72.89930113155235,1.9277522563934328
96,train,,17.038460904259473,0.0001,17.03845977783203,7.2221553938018195,72.662876041948,15.671942472457886
96,val,,41.48034612482245,0.0001,41.48034286499024,17.582427393906134,74.11464738519135,1.9334442615509035
97,train,,16.246756887596465,0.0001,16.24675750732422,6.8865736042628205,71.39505519467016,15.3566792011261
97,val,,39.80369565559156,0.0001,39.80369567871094,16.871740707590586,67.9427823958329,2.070600748062134
98,train,,16.95005358943233,0.0001,16.95005226135254,7.184681770579979,72.44737785864821,15.836153030395508
98,val,,39.30354059392756,0.0001,39.30353927612305,16.659737550752627,66.70053908374729,1.937361240386963
99,train,,16.88940465394094,0.0001,16.889404296875,7.158974692036152,73.05444980778891,15.816669464111328
99,val,,37.66270784320253,0.0001,37.6627082824707,15.96423240737753,62.18590803552783,1.943676710128784
100,train,,17.026640421292598,0.0001,17.026639938354492,7.217145274427788,72.5943923507956,15.648213863372805
100,val,,39.29811489220822,0.0001,39.29811477661133,16.657438247944945,65.99544994969351,1.937096118927002
101,train,,15.620818315371118,0.0001,15.620819091796877,6.621254757205403,70.97779692446082,16.690542459487915
101,val,,39.20972884207061,0.0001,39.2097282409668,16.61997351794917,70.06791487772773,1.9663221836090088
102,train,,16.528674622095796,0.0001,16.528675079345703,7.006071055319488,71.55585053714161,16.381232976913452
102,val,,40.0224667635831,0.0001,40.02246856689453,16.96447278636734,72.95353495012253,1.9377436637878416
103,train,,16.14158749179005,0.0001,16.14158821105957,6.841995103025972,72.39704098213373,15.754528999328612
103,val,,40.37283963290128,0.0001,40.372840881347656,17.11298640400444,69.89206242932741,1.9559128284454343
104,train,,16.266934564378527,0.0001,16.266935348510742,6.895126460944745,71.52932500686344,15.68191647529602
104,val,,39.143221074884586,0.0001,39.14322280883789,16.59178361278101,67.22731015345438,1.9311943054199217
105,train,,16.122730633385654,0.0001,16.122730255126953,6.834001711021606,72.13538432610586,15.68199896812439
105,val,,42.48954153349905,0.0001,42.489540100097656,18.010199583980853,73.77312600868795,1.9228768348693848
106,train,,16.255265484434187,0.0001,16.255266189575195,6.89018021109315,72.61988673372295,15.62907075881958
106,val,,39.317419502951886,0.0001,39.31741714477539,16.66562001461644,66.34281897015117,1.930943250656128
107,train,,16.060931866578382,0.0001,16.060932159423828,6.807807122072335,71.12252851593509,15.790773391723633
107,val,,44.085324212276575,0.0001,44.08532333374024,18.686610165572606,78.04229997852126,1.906599044799805
108,train,,16.06185705910628,0.0001,16.061857223510742,6.808199232431607,71.79652645454027,15.551135778427124
108,val,,40.19921768650864,0.0001,40.19921875,17.039392544659275,69.62893419091304,1.9045090675354004
109,train,,15.583158624051798,0.0001,15.583157539367676,6.605291014733247,71.1826264519212,15.77943730354309
109,val,,38.954072732636426,0.0001,38.95407104492188,16.51160715025014,67.28933053542924,1.919646978378296
110,train,,16.10973742578166,0.0001,16.109737396240234,6.828494379542518,72.14123585132327,15.662045001983644
110,val,,36.97740182587594,0.0001,36.97740173339844,15.673748968490594,62.52944814058113,1.9121322631835933
111,train,,15.996644054117429,0.0001,15.99664306640625,6.780556664815417,71.39138931797028,15.740184783935549
111,val,,40.643943971576114,0.0001,40.64394378662109,17.227899801990606,70.67462650790063,1.903515100479126
112,train,,15.878345304546936,0.0001,15.878345489501951,6.730413430376784,70.30073512684629,15.472033262252808
112,val,,41.224638644131744,0.0001,41.224639892578125,17.47404162280788,73.79247982094788,1.93342399597168
113,train,,15.179377044009842,0.0001,15.179377555847168,6.434139289523559,71.31869632370253,15.707984447479248
113,val,,44.61448428992069,0.0001,44.61448287963867,18.910906992766968,77.28660767922538,1.9599740505218504
114,train,,15.196660980712686,0.0001,15.196661949157717,6.441465689679679,71.47340933653228,15.837395191192629
114,val,,38.24688803932884,0.0001,38.24689102172852,16.211852120435466,69.31415546940971,1.9110581874847408
115,train,,15.162630860171332,0.0001,15.162630081176758,6.427040475070809,71.23664896842074,15.868831396102903
115,val,,40.08687429717093,0.0001,40.08687210083008,16.991771752121274,73.25736551066043,2.0103588104248047
116,train,,14.755245654430452,0.0001,14.75524616241455,6.254361136409896,70.32009681182898,15.92065930366516
116,val,,41.24631978815252,0.0001,41.24631881713867,17.483230749288932,71.95171856660201,1.931037187576294
117,train,,14.836417557173707,0.0001,14.836417198181152,6.288767405604776,70.81343776960698,15.853886365890505
117,val,,38.52143265695283,0.0001,38.52143096923828,16.328222390313137,67.5112801627902,1.9501399993896484
118,train,,14.377448004905624,0.0001,14.377449035644531,6.094222861445931,70.2865229791601,15.780893087387083
118,val,,40.22513305201675,0.0001,40.22513198852539,17.050376485568265,71.19206800532626,1.9225177764892576
119,train,,14.75565087000529,0.0001,14.755650520324709,6.2545325331030215,70.73032453335522,15.592322826385498
119,val,,40.38263378721295,0.0001,40.38263320922852,17.117137114487786,72.56250336455633,1.9831347465515137
120,train,,14.469825266186236,0.0001,14.469825744628906,6.133378921075287,70.18479026937567,15.738191604614258
120,val,,38.819617785829486,0.0001,38.819618225097656,16.45461613283836,67.20450002952741,1.9572439193725584
121,train,,14.04524161213576,0.0001,14.045241355895996,5.953408755156827,68.89206557520794,15.748058557510376
121,val,,40.11703918919419,0.0001,40.11703872680664,17.004558592207875,69.54956921595561,1.9348576068878167
122,train,,15.02606279520876,0.0001,15.026062965393066,6.369153263155305,70.99581853884072,15.78431487083435
122,val,,40.18299026489258,0.0001,40.18299102783203,17.032514039635448,74.65523296188788,1.918182611465454
123,train,,14.464791730758716,0.0001,14.464792251586914,6.131245355635869,70.6682217025004,15.490967273712158
123,val,,41.82921480121035,0.0001,41.8292121887207,17.73030393326881,75.03001677974456,1.9189457893371584
124,train,,14.54259046111444,0.0001,14.542590141296388,6.1642218368506025,69.79153529216491,15.868637084960938
124,val,,40.85099799416282,0.0001,40.85099792480469,17.315664610566802,71.71708535649822,1.950395584106445
125,train,,13.64412535079802,0.0001,13.644125938415527,5.7833864694768335,69.68258811164738,15.733332633972168
125,val,,39.356176965886895,0.0001,39.356178283691406,16.682049842906775,67.671202158396,1.903885126113892
126,train,,13.532821639218314,0.0001,13.532821655273438,5.736207508506796,69.34981947299863,15.689025640487673
126,val,,38.00996029015744,0.0001,38.00996017456055,16.111423359967734,65.59643351466411,1.9425265789031985
127,train,,13.82472209545097,0.0001,13.824722290039062,5.859936517543725,70.52100681601014,15.472743034362791
127,val,,39.78330577503551,0.0001,39.783302307128906,16.863096493237656,71.79867890824141,1.9302821159362795
128,train,,13.80111316398338,0.0001,13.80111312866211,5.849929214395142,70.30052675833944,15.664333581924438
128,val,,37.84777381203392,0.0001,37.847774505615234,16.04267711652793,65.99636738345907,1.930107593536377
129,train,,13.921716470429391,0.0001,13.921717643737791,5.901050299307052,70.28541144860718,15.74951195716858
129,val,,38.6623923330596,0.0001,38.662391662597656,16.387971924314158,68.95587427954379,1.9393649101257324
130,train,,13.931108814457852,0.0001,13.931107521057127,5.905030421572399,69.8212981251065,15.852625608444214
130,val,,41.03355532559482,0.0001,41.0335578918457,17.393046983609857,71.9175315737147,1.9098553657531736
131,train,,14.099443773468735,0.0001,14.099445343017578,5.976384401022718,70.0402820759686,15.823599338531494
131,val,,40.37793391834606,0.0001,40.37793731689453,17.115146649117708,70.60857801331578,1.9377152919769287
132,train,,13.22375376569703,0.0001,13.223752975463867,5.605201416286768,69.31879057342604,15.756968021392822
132,val,,41.48370035344904,0.0001,41.483699798583984,17.583850309849,73.15917670886374,1.9735395908355715
133,train,,13.685438316036956,0.0001,13.68543815612793,5.800897633036918,69.06158087623683,15.69417929649353
133,val,,40.06402113943389,0.0001,40.06402206420898,16.982086222010153,70.76201104428314,1.9260165691375728
134,train,,13.370568732701567,0.0001,13.370569229125977,5.66743296844051,69.00102962886677,15.529631853103638
134,val,,39.73110813950047,0.0001,39.73110961914063,16.84097338422591,67.98422955914114,1.894015073776245
135,train,,12.861172939390446,0.0001,12.861172676086426,5.451513154614077,68.76566227844934,15.883977174758911
135,val,,39.89934794108073,0.0001,39.89934539794922,16.912284110262746,68.57122352206135,1.9243061542510984
136,train,,13.302662370341396,0.0001,13.302661895751951,5.638648834170111,68.43160648139863,15.814863443374634
136,val,,41.37862435543176,0.0001,41.37862396240234,17.539311423887263,74.01641168834618,1.93941617012024
137,train,,13.4042205174764,0.0001,13.404220581054688,5.681696892293349,69.55686325994365,15.635846376419067
137,val,,38.11861264777906,0.0001,38.118614196777344,16.157478944968577,66.79021713895494,1.934676170349121
138,train,,12.723034789024378,0.0001,12.723034858703612,5.39296016356278,68.0275535858449,15.487337112426758
138,val,,39.85689105409564,0.0001,39.85688781738281,16.894287457485323,71.06789021443686,2.059778451919556
139,train,,13.12790184406319,0.0001,13.127901077270508,5.5645723152665,67.68430062267949,15.695183515548706
139,val,,38.94965614550041,0.0001,38.94965744018555,16.509736339175255,70.31390276378491,1.9417986869812007
140,train,,13.292562850155814,0.0001,13.292562484741213,5.634367959216827,69.03168500881497,15.79913878440857
140,val,,39.21541530724728,0.0001,39.21541213989258,16.62238277335244,66.28311009294713,1.93798828125
141,train,,13.118224079761442,0.0001,13.118224143981934,5.5604705175185325,68.87299013061107,15.777339696884155
141,val,,38.53177811593721,0.0001,38.531776428222656,16.332607558537067,68.97853705478792,1.9617176055908203
142,train,,12.556786763226544,0.0001,12.55678653717041,5.322491868439434,68.85635239848972,15.59134578704834
142,val,,39.36240884029504,0.0001,39.36241149902344,16.684691939100695,68.58940760742507,1.9456815719604488
143,train,,13.418356020121465,0.0001,13.418354988098145,5.687688096040527,69.7317089312226,15.901180267333984
143,val,,39.74909584738992,0.0001,39.74909591674805,16.848597303169804,66.05525622537543,1.944054126739502
144,train,,12.416547062421088,0.0001,12.416546821594238,5.263047937973875,68.17869873309039,15.729746341705322
144,val,,36.12377670750473,0.0001,36.12377548217773,15.311919230668252,63.39229647167805,1.9499990940094
145,train,,12.308035708276511,0.0001,12.308035850524902,5.217052988593843,67.72522465586586,15.59416961669922
145,val,,38.6417659181537,0.0001,38.64176559448242,16.37922907601519,67.10568783526288,1.952829360961914
146,train,,12.479232393772111,0.0001,12.479232788085938,5.28961887202055,68.77779622746174,15.857609987258911
146,val,,38.06258221250592,0.0001,38.06258392333984,16.133729184322142,67.12244670423226,1.9178380966186523
147,train,,12.316618575150718,0.0001,12.31661891937256,5.220691125947909,68.64073348215875,15.76568841934204
147,val,,38.83866244229404,0.0001,38.838661193847656,16.462687946914272,70.7378488626757,1.946890115737915
148,train,,12.574969989763767,0.0001,12.574971199035645,5.330199868780248,68.21203227918261,15.879302263259888
148,val,,36.51556246208422,0.0001,36.51556015014648,15.477986456800563,64.7510255710286,1.9650373458862305
149,train,,12.352657883897775,0.0001,12.35265827178955,5.235967260460146,68.80054959809551,15.566792964935305
149,val,,39.213905265114526,0.0001,39.21390151977539,16.621742461178147,68.9587809967846,2.124462604522705
150,train,,12.38203202706796,0.0001,12.382031440734863,5.248417774960726,67.62034266541023,15.45185613632202
150,val,,40.68755897753167,0.0001,40.68756103515625,17.246388007548298,68.74811076949679,1.9803767204284668
151,train,,12.055442684186428,0.0001,12.055442810058594,5.109985435926083,67.90231307616664,15.832887411117554
151,val,,38.37702768499201,0.0001,38.37702560424805,16.267012750520735,65.73818735973597,1.944690227508545
152,train,,12.04085339183358,0.0001,12.040853500366213,5.103801410899139,68.64007547298809,15.68997311592102
152,val,,37.93628283413974,0.0001,37.936283111572266,16.080193588921627,67.82307665214326,1.933127403259277
153,train,,11.96981003436978,0.0001,11.969810485839844,5.073688143782055,67.84397670966267,15.577340602874756
153,val,,39.437362069794624,0.0001,39.43736267089844,16.716461771425116,68.88816727017601,1.9410877227783203
154,train,,12.406593860600532,0.0001,12.406594276428224,5.258829315593093,66.65188394045963,15.743480205535889
154,val,,39.89197743733724,0.0001,39.8919792175293,16.90916177993811,71.6932075975472,1.924499750137329
155,train,,11.704448921832974,0.0001,11.704447746276855,4.961207851206413,67.3549258418139,15.84170126914978
155,val,,40.33511445016572,0.0001,40.33511352539063,17.096994769146516,69.59322729372629,1.9444611072540283
156,train,,11.876396761197434,0.0001,11.876397132873535,5.034092678007826,66.86237103301265,15.763375282287598
156,val,,38.70955780491684,0.0001,38.70955657958984,16.40796389331147,69.90463998481252,1.986767530441284
157,train,,11.632614432440864,0.0001,11.632615089416504,4.930759875452755,68.20155174302305,15.559839963912964
157,val,,40.04435050270774,0.0001,40.04434967041016,16.973747611194952,71.50211357780796,1.969191312789917
158,train,,11.747766274474689,0.0001,11.747766494750977,4.979569530432382,66.401360114082,15.817888259887695
158,val,,39.06737594604492,0.0001,39.06737518310547,16.559633797221846,70.89353331867618,1.9445030689239504
159,train,,11.683836097588843,0.0001,11.683835983276367,4.952471066469367,65.51569393926734,15.78879189491272
159,val,,39.745310488614166,0.0001,39.74530792236328,16.846991671884272,71.04126153049191,1.9005253314971924
160,train,,11.94391164233789,0.0001,11.9439115524292,5.062710266434904,67.69733524459254,15.718947410583496
160,val,,37.32326748009884,0.0001,37.3232650756836,15.82035135130443,68.6379377888515,1.9363811016082764
161,train,,11.859289933535386,0.0001,11.859289169311523,5.026841061786206,66.42764361271217,15.567880630493164
161,val,,39.438683249733664,0.0001,39.43868255615234,16.717021236102656,71.04698324436443,1.918847799301148
162,train,,11.372844514300928,0.0001,11.372842788696287,4.82064922300706,66.77279719550845,15.81363582611084
162,val,,41.25957223140832,0.0001,41.25957489013672,17.48884965031333,71.8287215142731,1.8918371200561523
163,train,,11.771535857679066,0.0001,11.771535873413086,4.98964474547824,66.84849065704475,15.732967853546144
163,val,,38.634383854721534,0.0001,38.63438415527344,16.376100277890814,69.64905750214787,1.9128763675689693
164,train,,11.135870773302583,0.0001,11.135871887207031,4.720203484561183,65.5215367443694,15.813202619552612
164,val,,42.7105507590554,0.0001,42.71055221557617,18.1038808123695,75.09170500232533,1.9346354007720947
165,train,,11.539017282351098,0.0001,11.539017677307127,4.891086391844155,66.61073296469384,15.770405292510986
165,val,,37.850980238481,0.0001,37.85097885131836,16.044035354473397,66.42303464348795,1.948112964630127
166,train,,11.19332244115245,0.0001,11.19332218170166,4.744555154821879,66.09899137018847,15.89422059059143
166,val,,39.86464647235292,0.0001,39.86464691162109,16.897576333653273,69.48713488166352,1.923328161239624
167,train,,11.310290019359654,0.0001,11.310290336608888,4.794134882208115,66.16558965131536,16.003509998321533
167,val,,38.36717529296875,0.0001,38.3671760559082,16.26283778578836,68.08760082951044,1.9365174770355225
168,train,,11.0413143549704,0.0001,11.041314125061035,4.680122933806411,66.14545111438125,15.530322551727297
168,val,,38.809502179694896,0.0001,38.80950164794922,16.45032798161053,68.46185354359754,1.8722429275512693
169,train,,11.36254922051221,0.0001,11.362548828125,4.816285883607085,66.94240542833258,16.069801092147827
169,val,,40.37291562629469,0.0001,40.37291717529297,17.113018743003142,68.4100223091891,1.9376945495605469
170,train,,11.343552052212084,0.0001,11.343552589416504,4.80823387716757,65.4162453542696,15.69197678565979
170,val,,40.72402073253285,0.0001,40.72401809692383,17.26184119807784,69.82316880766548,1.92852520942688
171,train,,11.677823427630594,0.0001,11.677824020385742,4.9499227533715855,66.14141676528217,15.69388198852539
171,val,,41.70199924815785,0.0001,41.70199966430664,17.676381886833813,72.0513258357367,1.9019062519073489
172,train,,10.71863912909922,0.0001,10.718639373779297,4.543349585405222,65.83439435787915,15.586654901504517
172,val,,39.330325201785925,0.0001,39.330326080322266,16.671091773196746,68.71092994954478,1.9233331680297847
173,train,,11.286580078047937,0.0001,11.286581039428713,4.784085134123735,64.96882515628168,15.69910192489624
173,val,,40.45798594156901,0.0001,40.45798873901367,17.14907834350533,70.6494495842855,1.9171149730682373
174,train,,11.01824585949933,0.0001,11.018245697021484,4.670344833311135,64.39852043016012,15.758052587509155
174,val,,38.77318304813269,0.0001,38.7731819152832,16.434933001278647,69.53381666611038,1.9282448291778564
175,train,,10.476516843725134,0.0001,10.476516723632812,4.440720156071937,64.17772031753894,15.737807750701904
175,val,,41.571225530451,0.0001,41.57122421264648,17.620949609159446,73.20757890666103,1.9072113037109373
176,train,,10.914145856915098,0.0001,10.914146423339844,4.626219886531093,65.29487650985719,15.69455337524414
176,val,,38.32413346261689,0.0001,38.32413482666016,16.244593739670872,66.25257586383906,1.9586503505706787
177,train,,10.60679836594296,0.0001,10.606799125671388,4.495943442969297,63.68210423965767,15.775312662124634
177,val,,41.4105122421727,0.0001,41.4105110168457,17.552827508394586,71.66593234846665,1.9173462390899656
178,train,,10.9131393146836,0.0001,10.91313934326172,4.625793011748216,65.17772427898583,15.73199725151062
178,val,,39.464613897150215,0.0001,39.46461486816406,16.72801326176132,68.99141916186933,1.922929286956787
179,train,,10.870534719602029,0.0001,10.870534896850586,4.6077341063976025,65.03772192687487,15.540882110595703
179,val,,39.24426546963778,0.0001,39.244266510009766,16.634613382661374,70.25958772985186,1.941434860229492
180,train,,11.72391928213614,0.0001,11.723919868469238,4.969461572150336,65.23854589959643,15.66106128692627
180,val,,39.65309644756895,0.0001,39.65309524536133,16.807905141103614,68.44230505391931,1.907186269760132
181,train,,10.499113587337712,0.0001,10.499113082885742,4.450298159012741,65.7502376421561,15.720109462738035
181,val,,38.85636490330552,0.0001,38.85636520385742,16.470192211562974,68.91195767177312,1.9479410648345947
182,train,,10.299830288196654,0.0001,10.299830436706545,4.365827481688565,63.01277152292224,15.64101767539978
182,val,,38.595262446548,0.0001,38.59526062011719,16.359516839356647,68.58706188920583,1.9373619556427
183,train,,10.444026802525377,0.0001,10.4440279006958,4.426948997711832,63.25586489298344,15.5625901222229
183,val,,38.827003409645776,0.0001,38.82700347900391,16.45774654791267,67.56519926962216,1.9057073593139648
184,train,,11.391841672004674,0.0001,11.391839981079102,4.82870163368406,64.0496519128422,15.672003746032717
184,val,,40.945011578184186,0.0001,40.945011138916016,17.355514341716816,70.12916027654795,1.9150285720825195
185,train,,10.429256724347972,0.0001,10.4292573928833,4.42068816756297,63.38931552135285,15.674921035766602
185,val,,39.65118711066968,0.0001,39.65118789672852,16.80709666613608,72.86707651500608,1.928394317626953
186,train,,10.450690673417114,0.0001,10.450691223144531,4.429773405011039,62.487547587624405,15.708130359649658
186,val,,38.71669133504232,0.0001,38.71669006347656,16.41098758969007,68.23915321316642,1.981538772583008
187,train,,10.976935096381087,0.0001,10.976934432983398,4.652834073988534,62.58924097588579,15.622645616531372
187,val,,39.1020500645493,0.0001,39.102046966552734,16.574330255181774,68.6431769529026,1.9406840801239007
188,train,,10.65975144061978,0.0001,10.659750938415527,4.518388325018979,62.58374272537258,15.58834147453308
188,val,,39.58400976007635,0.0001,39.5840072631836,16.778620560829406,70.86137504068242,1.9601504802703853
189,train,,10.660502341299344,0.0001,10.660502433776855,4.518706864156202,63.903896655935625,15.669184923171995
189,val,,40.41989667487867,0.0001,40.419898986816406,17.132933098403573,70.52650764960647,1.917628526687622
190,train,,10.270189021332095,0.0001,10.27018928527832,4.3532633764550415,61.51718470209666,15.620330810546877
190,val,,40.251318128181225,0.0001,40.25131988525391,17.061476846872576,72.41972926972318,1.947129249572754
191,train,,10.3160525524255,0.0001,10.316052436828612,4.372703561287748,62.40887693206693,15.8384108543396
191,val,,38.41619634917288,0.0001,38.41619491577149,16.283615592454122,66.83836248157752,1.9465186595916748
192,train,,10.582347620697536,0.0001,10.582347869873049,4.485579198122532,61.0431356034147,15.84713625907898
192,val,,39.656176364783086,0.0001,39.65617752075195,16.80921163665116,67.53232371312089,1.9169204235076904
193,train,,10.454029154215595,0.0001,10.454029083251951,4.431188236204286,62.82222600384457,15.640339136123655
193,val,,37.26623921249852,0.0001,37.266239166259766,15.79617956672494,66.22384138638252,1.9170701503753664
194,train,,10.45044197024721,0.0001,10.45044231414795,4.429667899027771,61.50135566023626,15.623697757720947
194,val,,41.81530985976711,0.0001,41.81530380249024,17.724408533805516,74.29074140034207,1.9601917266845703
195,train,,10.168677955203586,0.0001,10.16867733001709,4.310235125968509,62.44972391915056,15.644841194152832
195,val,,38.88067804972331,0.0001,38.88068008422852,16.480498650449164,66.51259132440639,1.9344394207000728
196,train,,10.152124764541986,0.0001,10.152124404907228,4.303218775962452,62.42413559736431,15.655198097229004
196,val,,36.65986177849047,0.0001,36.65985870361328,15.539150821994784,64.92514469804823,1.919982433319092
197,train,,10.050823890801633,0.0001,10.050824165344238,4.260280266197319,60.48632859800324,15.685326337814333
197,val,,38.07836712923917,0.0001,38.078369140625,16.140420123153497,70.58475415790049,1.9328958988189693
198,train,,10.294974542226052,0.0001,10.294974327087402,4.363769104421131,62.36414727417008,15.61060070991516
198,val,,40.82488715431907,0.0001,40.82489013671875,17.304598205211125,71.87077433230422,1.9275271892547607
199,train,,9.843428729921078,0.0001,9.843428611755373,4.172370740598584,61.09128831357626,15.766169548034668
199,val,,39.14951571840229,0.0001,39.149513244628906,16.594449963223955,71.5232493341326,1.9814906120300293
200,train,,10.50441774503149,0.0001,10.504417419433594,4.452546527897553,61.5660175073778,15.789863109588625
200,val,,41.82954547766483,0.0001,41.82954406738281,17.730444607913164,72.87836010156752,1.912745475769043
