epoch,phase,loss,lr,mae,rel_err_pct,rmse,time_sec
1,train,218.3833420210816,0.0001,218.38333129882807,92.56695585291476,307.9154713553705,19.94753623008728
1,val,208.90441330418443,0.0001,208.90440368652344,88.54908750490677,297.1782267217772,2.229158878326416
2,train,174.8502407908841,0.0001,174.85023498535156,74.11442021009074,261.1206617638673,15.749354600906372
2,val,154.2472412109375,0.0001,154.2472381591797,65.38135122150376,225.02530239675272,1.951695203781128
3,train,123.74776706888218,0.0001,123.74777221679688,52.45342902116567,198.87013861123043,16.063838720321655
3,val,102.20309494480942,0.0001,102.2031021118164,43.32120947413026,161.0650889877288,2.007260322570801
4,train,92.12241831050578,0.0001,92.1224136352539,39.04827051277911,156.93188087311958,15.874764442443848
4,val,87.38987311160926,0.0001,87.3898696899414,37.04226948623307,144.9226153956828,1.9625306129455569
5,train,81.2952177619292,0.0001,81.29521942138672,34.4589073830696,142.0741856170571,15.651580333709717
5,val,78.51987898855498,0.0001,78.5198745727539,33.28251162598935,126.59050616061222,1.952994585037232
6,train,75.52905635641079,0.0001,75.529052734375,32.01478083740945,134.54638779525075,16.36886954307556
6,val,66.06923069809423,0.0001,66.0692367553711,28.005013410883727,104.76078591546076,1.959625482559204
7,train,74.74538232565729,0.0001,74.7453842163086,31.68260434443385,135.4414945188512,16.126680374145508
7,val,68.29958482222123,0.0001,68.2995834350586,28.950398763326003,110.42782127225684,2.039297819137573
8,train,71.80018591061987,0.0001,71.80018615722656,30.434212275809884,131.02728127187865,15.780128479003906
8,val,67.32852115053119,0.0001,67.3285140991211,28.538787987852395,109.6388068557388,1.9531984329223635
9,train,67.05471468325014,0.0001,67.0547103881836,28.42272979039533,124.51332210977466,15.913671255111694
9,val,64.97975422252308,0.0001,64.9797592163086,27.543212509425285,106.98414109255869,2.046213865280152
10,train,63.524912752607456,0.0001,63.52491760253906,26.926543378111,122.31244411087124,16.123645305633545
10,val,67.45264175877426,0.0001,67.45263671875,28.591400304839983,111.9017164328814,1.9345550537109373
11,train,61.98770377419212,0.0001,61.987701416015625,26.27495782884768,119.6873041773855,16.034424543380737
11,val,63.44234390258789,0.0001,63.44234085083008,26.891541261840235,98.32388284389503,2.0311875343322754
12,train,62.34192559341791,0.0001,62.3419303894043,26.425106182874863,118.67514499280168,15.912477731704712
12,val,56.08063500144265,0.0001,56.08063507080078,23.77110761947732,93.23276587558958,1.964264154434204
13,train,56.42973601729781,0.0001,56.42973327636719,23.919081176747607,111.90885050036258,16.03053092956543
13,val,57.86482400605173,0.0001,57.86482620239258,24.5273793583626,94.303009587115,1.970653772354126
14,train,56.774025852190526,0.0001,56.774024963378906,24.06501737619375,112.2970913191878,16.033017873764038
14,val,58.81978338992957,0.0001,58.81977844238281,24.9321585203605,92.6911454104436,1.960494041442871
15,train,53.90381412441883,0.0001,53.90381240844727,22.84840969244484,109.41871001598628,15.839638471603394
15,val,59.92205147020744,0.0001,59.92205429077149,25.39938428885113,90.5417074129376,2.0297656059265137
16,train,54.016408202302976,0.0001,54.01640701293945,22.89613558673044,110.7906951192202,16.00792360305786
16,val,57.49196277965199,0.0001,57.49196243286133,24.369332203908275,92.59854864379624,1.9278388023376465
17,train,51.1440259323377,0.0001,51.14402389526367,21.67860785846843,107.86199045249909,16.349087476730347
17,val,68.9631341645212,0.0001,68.963134765625,29.231660736733183,114.22739792843046,1.9898505210876465
18,train,51.84698777118516,0.0001,51.84699249267578,21.97657777556613,107.22920562543815,16.08005714416504
18,val,60.96109769416578,0.0001,60.96109771728516,25.839807495217904,97.0193229384616,1.9630537033081048
19,train,49.0907425337769,0.0001,49.09074020385742,20.8082748541796,103.3965931196478,16.08513879776001
19,val,55.80050219911517,0.0001,55.80050277709961,23.652366900994814,89.39637255381926,2.0480880737304688
20,train,47.29306599523885,0.0001,47.293067932128906,20.046288814194707,100.776579349135,15.99971055984497
20,val,52.6697890772964,0.0001,52.66979217529297,22.325340940125617,83.68662772603668,1.957937717437744
21,train,46.56278516724455,0.0001,46.562782287597656,19.736739918611462,100.8753872359358,16.49799633026123
21,val,51.09953213316022,0.0001,51.09953689575195,21.65975098749941,77.95711649181716,1.9901862144470213
22,train,44.4731464732777,0.0001,44.47314834594727,18.85099899839068,98.7341413294434,15.967566967010498
22,val,53.46524880149148,0.0001,53.46524810791016,22.662513808387946,87.49837331077218,1.9420194625854488
23,train,44.94803670504278,0.0001,44.948036193847656,19.05229147886635,99.0509555576068,16.095022916793823
23,val,50.01184555978486,0.0001,50.011844635009766,21.19870681861058,78.16895638415227,2.0607171058654785
24,train,42.15028479348128,0.0001,42.15028381347656,17.866397759135427,96.7981852716,16.20471739768982
24,val,48.26073041973692,0.0001,48.2607307434082,20.45645565261236,75.07139505476603,2.065084218978882
25,train,42.87341629953095,0.0001,42.873416900634766,18.172914873590283,97.35707172086936,18.2916796207428
25,val,46.137235907352334,0.0001,46.137237548828125,19.556362684801577,79.27488457398566,1.9693496227264404
26,train,42.11258090497669,0.0001,42.112579345703125,17.8504158259765,96.20606241455108,16.375717639923096
26,val,52.232856288100734,0.0001,52.232852935791016,22.14013387761178,79.56509287310767,2.927326440811157
27,train,40.95573926469694,0.0001,40.95573806762695,17.360061205595816,95.63000395404154,24.374375820159912
27,val,54.45853627522786,0.0001,54.458534240722656,23.08354170028345,90.81175799765688,2.801853656768799
28,train,39.12491635409268,0.0001,39.12491607666016,16.584023870674557,92.723731750224,24.307872533798218
28,val,44.41603580821644,0.0001,44.41603469848633,18.826790023244307,72.05988110484051,2.064122200012207
29,train,38.48085343460443,0.0001,38.48085403442383,16.31102289447529,93.04345213057714,19.681302785873413
29,val,47.425399803392814,0.0001,47.4254035949707,20.1023824236286,72.40309053853468,1.994011640548706
30,train,36.72811260801373,0.0001,36.72811508178711,15.568082907776413,90.81710780636269,21.594473361969
30,val,46.60248780684038,0.0001,46.60248565673828,19.753569132783632,74.15103489879625,3.003023624420166
31,train,36.31785314283788,0.0001,36.31785583496094,15.39418479310189,90.35624211022308,25.846526622772217
31,val,48.55586286602598,0.0001,48.55586242675781,20.581554218239585,78.92385632783188,3.2154250144958496
32,train,35.97461323850484,0.0001,35.97461700439453,15.24869487183784,89.81612618810443,26.946916580200195
32,val,51.41617757623846,0.0001,51.41617584228516,21.793965916860607,85.38235750233329,3.5529558658599854
33,train,36.5115729566375,0.0001,36.51157379150391,15.47629674470818,88.95797869025718,25.579856157302856
33,val,54.20942949237246,0.0001,54.209434509277344,22.977954869522826,80.63365384758711,3.0167694091796875
34,train,36.49432452038081,0.0001,36.49432373046875,15.468984897101477,90.38127517546846,26.32822132110596
34,val,52.16341305357037,0.0001,52.16341018676758,22.11069892099361,87.42103859072625,3.086071491241455
35,train,34.82169962539416,0.0001,34.82170104980469,14.760004092940417,88.07695665137817,26.06259632110596
35,val,48.22250493367513,0.0001,48.222503662109375,20.44025219731294,80.51119936168043,3.3442745208740234
36,train,34.09890117581043,0.0001,34.098899841308594,14.45362765312992,88.15112921586002,26.218366384506226
36,val,47.46996785944158,0.0001,47.469970703125,20.121273249720115,82.11668467701159,3.049107551574707
37,train,33.43183986779415,0.0001,33.43183898925781,14.17087808577169,86.80339618841967,26.07251977920532
37,val,55.50498162471887,0.0001,55.504981994628906,23.52710340647421,93.52223895784093,3.0883288383483887
38,train,32.08754343617243,0.0001,32.08754348754883,13.601066545578211,85.50673287635016,25.44170618057251
38,val,44.85639088948568,0.0001,44.85639190673828,19.01344587289997,74.93716443315192,3.201979160308838
39,train,32.33124333391286,0.0001,32.33124542236328,13.704365392184643,85.33335653940522,26.224238634109497
39,val,48.07923267248905,0.0001,48.07923126220703,20.37952279165125,77.38075503637839,3.743352174758911
40,train,32.37068880126131,0.0001,32.370689392089844,13.721084654513996,85.25255735258767,26.03997778892517
40,val,57.80066082116329,0.0001,57.800662994384766,24.500182260454576,99.10363400722244,2.707658529281616
41,train,31.20435436004741,0.0001,31.20435333251953,13.226705445744749,85.57070872329065,25.845622539520264
41,val,48.560227781353575,0.0001,48.56022644042969,20.58340400896532,79.9872151649484,3.311064481735229
42,train,29.178781395086936,0.0001,29.178783416748047,12.368119582734709,82.71773469342895,26.237526416778564
42,val,46.7529948610248,0.0001,46.75299072265625,19.817364275522223,73.40696173558744,3.375861406326294
43,train,30.37406429329304,0.0001,30.37406349182129,12.874767399136836,83.7978291596805,25.606119871139526
43,val,49.90911927656694,0.0001,49.90911865234375,21.15516397380885,82.45326860656435,3.002119302749634
44,train,29.93719843341044,0.0001,29.937196731567383,12.689591058664709,83.49595915559327,25.882789611816406
44,val,45.94288378628818,0.0001,45.94288635253906,19.4739823195092,74.43673580107304,3.151849269866944
45,train,28.77315545130257,0.0001,28.77315330505371,12.196183636806476,82.22742910766607,26.422104597091675
45,val,40.21296821363045,0.0001,40.21296691894531,17.0452200322253,63.77816664827882,3.0449142456054688
46,train,29.81292822481406,0.0001,29.812929153442383,12.63691729757758,84.10897588378276,25.49388861656189
46,val,53.70458706942472,0.0001,53.704586029052734,22.763962864264712,88.44602984482967,3.7074382305145264
47,train,29.68396002387358,0.0001,29.6839599609375,12.582250645695392,82.92123462867488,26.746609210968018
47,val,42.34725697835287,0.0001,42.34725189208984,17.94988735140242,71.21124219970467,2.7617502212524414
48,train,28.583318621060663,0.0001,28.58332061767578,12.115718548709124,81.91422903237721,26.20737838745117
48,val,43.20647668549509,0.0001,43.20647811889648,18.314090771729457,69.25317639939882,3.0969953536987305
49,train,28.2446088193643,0.0001,28.24460792541504,11.972147138543123,81.46636456039695,26.47411632537841
49,val,44.92648183649237,0.0001,44.92647933959961,19.043154094057176,71.99471348322216,3.317336082458496
50,train,26.72938113742405,0.0001,26.729381561279297,11.329882497180916,79.93943935782731,26.218855142593384
50,val,42.891238542036575,0.0001,42.891239166259766,18.180469262994432,70.5361027905214,3.511098623275757
51,train,27.33060469450774,0.0001,27.330602645874023,11.584724317133594,80.67229717350313,25.833906888961792
51,val,39.38986139008493,0.0001,39.38986206054688,16.69632751083352,64.1827453813523,3.1247377395629883
52,train,26.49049806434297,0.0001,26.49049949645996,11.228626666817537,80.59914798712205,26.791151523590088
52,val,43.51070656053948,0.0001,43.51070785522461,18.443045762951847,69.68119015716329,3.435974597930908
53,train,25.242485237763788,0.0001,25.24248695373535,10.699626942986995,80.03607279982414,26.23431658744812
53,val,41.575721417051376,0.0001,41.575721740722656,17.622855993132905,65.4408801061118,2.5485897064208984
54,train,27.23270699921682,0.0001,27.23270797729492,11.543229339423055,80.18930544050902,26.903448820114136
54,val,44.00230132594253,0.0001,44.00230407714844,18.65142048413549,76.14827038108778,3.351582288742065
55,train,24.32913160227766,0.0001,24.32913017272949,10.31247900306644,78.67148243447241,27.048035144805908
55,val,41.48053288315282,0.0001,41.48053359985352,17.582508241402888,69.7697664644221,3.661088705062866
56,train,25.550616743428137,0.0001,25.550615310668945,10.830234457048013,79.94363248564578,25.50369620323181
56,val,46.13870747884115,0.0001,46.13870620727539,19.55698521052658,76.35882347099778,3.373894214630127
57,train,24.78557684798835,0.0001,24.78557777404785,10.505955147555644,78.75251112067792,26.58694958686829
57,val,44.852089251893936,0.0001,44.852088928222656,19.011621953373208,73.14023612639626,3.50541090965271
58,train,24.7790703051018,0.0001,24.779071807861328,10.503197439441262,79.25297584121053,26.116299390792847
58,val,46.09051576094194,0.0001,46.09051132202149,19.5365566650468,78.23481032682957,3.113533496856689
59,train,23.423624184476807,0.0001,23.42362403869629,9.928658746112404,77.66873327733786,26.66234540939331
59,val,43.01066207885742,0.0001,43.01066207885742,18.231089497662005,70.87033232535495,3.008540153503418
60,train,23.73410127427843,0.0001,23.734102249145508,10.060262301333465,78.25061463915955,26.38834881782532
60,val,42.31583797570431,0.0001,42.31584167480469,17.936573385636983,69.26457991823816,3.3637986183166504
61,train,23.73730534576005,0.0001,23.7373046875,10.061619730804011,78.3142333208019,25.99688172340393
61,val,43.1157365509958,0.0001,43.11573791503906,18.275628383623744,68.2906887068984,3.5254483222961426
62,train,22.99362073699232,0.0001,22.99361801147461,9.746390490098625,77.75622337432226,26.279919862747192
62,val,41.74404169718424,0.0001,41.74404144287109,17.69420229206831,67.67824050816665,3.604770183563232
63,train,22.997673698707864,0.0001,22.9976749420166,9.748110116354646,77.84978712539136,25.94575381278992
63,val,40.6400966759884,0.0001,40.640098571777344,17.226269916456047,67.51303765870892,3.099527597427368
64,train,22.70230366806389,0.0001,22.70230484008789,9.622910491351709,77.33499634807161,26.49517321586609
64,val,42.17388284856623,0.0001,42.17388534545898,17.876401827702903,70.04726361982316,3.2043561935424805
65,train,24.11413296657781,0.0001,24.114133834838867,10.221347704721936,78.05970396313644,26.562162399291992
65,val,43.284739060835406,0.0001,43.28474044799805,18.347264116597533,69.60072722657968,3.35158109664917
66,train,22.36448010852441,0.0001,22.364479064941406,9.479715022045625,76.09953135121792,26.18252778053284
66,val,41.36015382246538,0.0001,41.36014938354492,17.53148053535168,66.39706921831151,3.2881968021392822
67,train,22.12756715896555,0.0001,22.12756729125977,9.37929434632374,75.93888244626399,26.78132462501526
67,val,39.53201164476799,0.0001,39.53200912475586,16.756579916264354,63.6713746145982,3.4673781394958496
68,train,22.061119238856666,0.0001,22.061119079589844,9.351128695403537,76.0379062283658,26.787512063980103
68,val,41.21829831672437,0.0001,41.218299865722656,17.47135425201578,68.82472146806153,2.632100343704224
69,train,22.136570547084617,0.0001,22.136568069458008,9.383109539695706,76.15377829903615,26.355106592178345
69,val,42.00988115252871,0.0001,42.00988006591797,17.80688429914407,72.884034736911,3.47831130027771
70,train,21.71277154094041,0.0001,21.712770462036133,9.203472869701368,76.44704943415083,26.09295105934143
70,val,40.36368956132369,0.0001,40.36368942260742,17.10910734111019,65.98024384711684,3.317920923233032
71,train,22.02249604941217,0.0001,22.02249526977539,9.33475707731024,76.69301375858821,25.030674934387207
71,val,44.36887331875888,0.0001,44.368873596191406,18.80679967119693,72.14714442872115,3.0292716026306152
72,train,21.572498898233228,0.0001,21.572498321533203,9.14401519516136,75.92696364661074,27.03896713256836
72,val,42.06540534279564,0.0001,42.06540298461914,17.830419005449137,71.26296825512708,3.111687421798706
73,train,21.452236183243567,0.0001,21.45223617553711,9.093039231506127,75.56819276529312,25.49363112449646
73,val,45.00181824655244,0.0001,45.00181579589844,19.075087238325043,72.17346995693778,3.1827588081359863
74,train,20.54411993187285,0.0001,20.54412078857422,8.708112980796455,75.2205059257032,24.445606470108032
74,val,40.68649224945993,0.0001,40.68649291992188,17.245935261566473,66.21528792861018,3.2891974449157715
75,train,21.359866793468743,0.0001,21.359867095947266,9.053886405776645,75.03128579236964,26.409523963928223
75,val,43.18882830070727,0.0001,43.18882751464844,18.30660914437985,68.1440626999154,3.0168919563293457
76,train,20.71703011226975,0.0001,20.717029571533203,8.781404470506555,74.15328033455431,24.91550779342652
76,val,40.78881861368815,0.0001,40.788818359375,17.289308326625022,70.82528638421627,3.4450509548187256
77,train,19.914624863441546,0.0001,19.91462516784668,8.44128632792452,74.15737593961912,26.0710608959198
77,val,37.723533930923,0.0001,37.72353363037109,15.990014674092356,63.0102627584636,3.219055414199829
78,train,20.68914259322966,0.0001,20.689144134521484,8.76958456648068,74.95414939627258,26.576671838760376
78,val,43.38984872066614,0.0001,43.38984680175781,18.39181593815875,72.06373996114482,3.699706554412842
79,train,20.22180960170348,0.0001,20.221811294555664,8.571494455351555,74.86643706252822,24.980425357818604
79,val,42.74596832737778,0.0001,42.74596786499024,18.11889257556677,70.43122268501556,3.2205569744110107
80,train,19.913676868143305,0.0001,19.91367721557617,8.440884515865637,74.59498715982865,26.093615531921387
80,val,46.294215924812086,0.0001,46.29421615600586,19.62290179158,80.99838142190713,3.196314811706543
81,train,20.069465808675748,0.0001,20.06946563720703,8.506919134266829,74.06726975674714,25.07999968528748
81,val,42.291719425085816,0.0001,42.29172134399414,17.92634941119748,69.30419740061744,3.2391395568847656
82,train,19.09768585307831,0.0001,19.097686767578125,8.095007606089599,73.7578584266619,26.048896074295044
82,val,43.34913489601829,0.0001,43.34913635253906,18.3745598484516,72.94581411482773,3.3186028003692627
83,train,19.17303144987986,0.0001,19.17303276062012,8.126944792733521,73.6031807917039,26.396806955337524
83,val,40.0827834851814,0.0001,40.08278274536133,16.99003838179087,68.63441277659116,3.0425493717193604
84,train,19.21399314443672,0.0001,19.2139949798584,8.144307601137058,74.55408782701825,25.97136640548706
84,val,42.96377302227598,0.0001,42.96377182006836,18.211213949060017,70.48690869143716,3.1556196212768555
85,train,19.085762415670786,0.0001,19.08576202392578,8.08995302059235,73.25412277753553,26.011179208755493
85,val,42.87969672463157,0.0001,42.87969970703125,18.17557798944081,73.09219349561211,3.703036308288574
86,train,20.224905843124645,0.0001,20.22490501403809,8.572805801748954,74.37945430464148,25.671584367752075
86,val,46.05893547751687,0.0001,46.05893325805664,19.52317155348421,74.4618420264282,3.0155045986175537
87,train,18.84671360619542,0.0001,18.84671401977539,7.98862685290679,72.65528225161952,25.77521157264709
87,val,39.05282192808209,0.0001,39.05282211303711,16.553465133219518,63.98598326733364,3.1424405574798584
88,train,17.998166547961507,0.0001,17.998167037963867,7.628950083909297,72.68918272450344,25.93832421302796
88,val,40.84435817834103,0.0001,40.8443603515625,17.312851117679767,71.73705512582043,2.6192381381988525
89,train,17.810084067450628,0.0001,17.81008529663086,7.549227175832176,71.8875396670035,25.78970766067505
89,val,40.41155099579783,0.0001,40.41155242919922,17.12939521194562,68.66435005699829,2.9595835208892822
90,train,18.28703612125281,0.0001,18.28703498840332,7.75139361774779,72.72349710547479,26.526589393615723
90,val,40.4330497972893,0.0001,40.43305206298828,17.13850834177972,68.83287618391374,3.355368137359619
91,train,18.31794635759861,0.0001,18.31794548034668,7.764495763072232,72.43263303321922,26.52908945083618
91,val,41.69524251764471,0.0001,41.69524383544922,17.673518268498785,70.06814484396601,2.934525728225708
92,train,18.451749010439272,0.0001,18.451749801635746,7.82121189899721,72.44340800432605,26.16930341720581
92,val,43.22693294178356,0.0001,43.226932525634766,18.322760857281352,72.4814564108469,3.546072006225586
93,train,17.984020120126228,0.0001,17.984020233154297,7.62295362507483,72.54760357969276,26.12988471984864
93,val,41.78400580666282,0.0001,41.78400421142578,17.711141459588195,68.99101220901893,2.9762957096099854
94,train,17.827927916298812,0.0001,17.82792854309082,7.556790459153795,71.58382938140603,25.54089498519897
94,val,40.7181930773186,0.0001,40.71819305419922,17.25937211552698,68.36487299319,2.721482276916504
95,train,17.764215115505436,0.0001,17.76421546936035,7.5297841613370835,73.04366470218345,26.1836531162262
95,val,42.14362293590199,0.0001,42.14362335205078,17.863574563867925,70.20409699137936,2.566262722015381
96,train,18.35852468663996,0.0001,18.3585262298584,7.781696876482254,72.54327910806073,26.685619354248047
96,val,44.35861751671993,0.0001,44.35861587524414,18.802451692821503,74.71707377354423,2.886911153793335
97,train,17.04411761351306,0.0001,17.044118881225586,7.224554139030601,72.59347758773683,25.63487720489502
97,val,42.54902239712802,0.0001,42.54902267456055,18.035412684318533,72.26694762303165,3.418242931365967
98,train,17.699923829358035,0.0001,17.69992446899414,7.502532895605197,71.77781473059764,26.765295267105103
98,val,40.11405537923177,0.0001,40.11405563354492,17.003294137358644,68.33455084979889,2.8378143310546875
99,train,16.379061842767477,0.0001,16.379060745239258,6.94265347038832,71.8557650892571,25.807673692703247
99,val,40.56404976122307,0.0001,40.56404876708984,17.194034402550322,67.44688303583791,2.635881423950196
100,train,16.39688738427981,0.0001,16.396886825561523,6.95020947743523,71.42667924391067,26.23642301559448
100,val,41.780454300389145,0.0001,41.78045272827149,17.70963607919864,72.82320200320774,2.731550693511963
101,train,16.094349393619833,0.0001,16.094348907470703,6.821971603504164,71.28006835386208,26.83510446548462
101,val,40.28007014881481,0.0001,40.28007125854492,17.073663798533264,67.19682711422281,2.7997868061065674
102,train,16.449730959805574,0.0001,16.449731826782227,6.972609084886729,71.38920406497925,26.237000226974487
102,val,42.43165167606238,0.0001,42.4316520690918,17.985662368716035,69.77251330775788,3.3521645069122314
103,train,15.807361249570492,0.0001,15.807361602783203,6.700325225983694,70.64963273413917,26.575684785842896
103,val,41.73200549501361,0.0001,41.73200607299805,17.68910081502314,68.91163881989566,2.678659677505493
104,train,16.502755998039888,0.0001,16.502756118774414,6.995084688985178,71.20395647693147,26.11443424224853
104,val,42.44088659575491,0.0001,42.44088363647461,17.989575387558922,72.9142060596733,3.0468637943267822
105,train,15.600670017537846,0.0001,15.600669860839844,6.612714027647993,70.519320823268,26.304675340652462
105,val,41.112478614575934,0.0001,41.11248016357422,17.4265000608167,69.54052606663973,3.1674375534057617
106,train,15.23359401458843,0.0001,15.233593940734863,6.457120190476738,71.2922298097766,26.65941333770752
106,val,39.66167683456883,0.0001,39.66167831420898,16.811543278457545,67.3046652822076,2.694772720336914
107,train,16.13934093757912,0.0001,16.139339447021484,6.841041911039207,70.55207449000879,25.758777141571045
107,val,40.47675071485115,0.0001,40.476749420166016,17.157030503286048,66.50399424094766,3.31479287147522
108,train,15.941235433443628,0.0001,15.941235542297363,6.757070871244989,70.37143710452594,26.757519245147705
108,val,40.9292434461189,0.0001,40.92924499511719,17.348831487635135,71.17036393840486,2.7968788146972656
109,train,16.255236324477277,0.0001,16.255237579345703,6.890168083968637,70.87373924143202,26.561891555786133
109,val,42.706587566028944,0.0001,42.70658874511719,18.10220080138696,72.21304337038082,2.4775755405426025
110,train,15.60431352287832,0.0001,15.604313850402832,6.614258619073535,70.65176829550164,26.99989533424377
110,val,41.4663059350216,0.0001,41.466304779052734,17.576477018145045,71.80877723705682,2.868154287338257
111,train,14.900056008618288,0.0001,14.900056838989258,6.315742577135238,69.72456273392828,26.24145197868347
111,val,41.54016762935754,0.0001,41.54016876220703,17.607786019737972,72.19820334611,2.7179269790649414
112,train,15.716820875803627,0.0001,15.71682071685791,6.661947323510625,70.03728778077789,25.55541968345642
112,val,41.763847559148616,0.0001,41.76385116577149,17.702599113081174,73.18156532834105,3.1108508110046387
113,train,15.240474249457671,0.0001,15.240473747253418,6.460036359684763,70.09867138875565,26.771413564682007
113,val,39.457656213009,0.0001,39.45765686035156,16.725063945079736,70.44472983082198,3.163856506347656
114,train,14.807643114597308,0.0001,14.80764389038086,6.2765711564814985,69.60959069831901,26.043941974639893
114,val,40.22784809921727,0.0001,40.22784805297852,17.051527753922038,74.09405973153314,3.212533473968506
115,train,14.733077830176562,0.0001,14.733078002929688,6.244964636099313,68.39368246249978,25.428059101104736
115,val,38.586382779208094,0.0001,38.58638000488281,16.355752579907783,68.4114069835488,3.005452871322632
116,train,14.597140723205978,0.0001,14.597140312194824,6.187344220923108,69.2128947862138,25.46531081199646
116,val,40.26690227624142,0.0001,40.266902923583984,17.06808208735737,68.35523380313501,2.996877193450928
117,train,14.539306019612836,0.0001,14.539305686950684,6.162829642956447,68.65489871223684,25.7207579612732
117,val,41.66753385139234,0.0001,41.66753387451172,17.661772744170374,72.93022939340723,3.0533018112182617
118,train,14.32430414206251,0.0001,14.324302673339844,6.071695514949558,69.33072911775845,26.29681754112244
118,val,42.96640571825432,0.0001,42.966407775878906,18.21233126146516,77.42316629851494,3.734015226364136
119,train,15.104219949767243,0.0001,15.104219436645508,6.402281737663943,68.38222296744053,26.325249433517456
119,val,40.88029313520952,0.0001,40.88029479980469,17.328082786068205,70.10134962145878,3.2782788276672363
120,train,13.820076841617674,0.0001,13.820076942443848,5.857967476760209,68.92475658507979,25.94953751564026
120,val,39.678197756680575,0.0001,39.67819595336914,16.818544671676435,67.93641112857854,3.487837076187134
121,train,14.497978787791448,0.0001,14.497980117797852,6.145312820071589,70.43295238203493,25.64607548713684
121,val,39.81797316580108,0.0001,39.81797409057617,16.877792951197584,70.1106338336953,3.040534019470215
122,train,14.622473177925906,0.0001,14.622471809387209,6.198081576967407,69.39551005941415,25.295928239822388
122,val,39.829666692560366,0.0001,39.82966613769531,16.882748902748602,66.89602838196936,2.95369291305542
123,train,14.253927657259032,0.0001,14.25392723083496,6.041865214071124,68.47793112223273,25.591290950775143
123,val,38.60604053844105,0.0001,38.60604095458984,16.36408633987318,67.02444604163097,2.984681844711304
124,train,14.184371849984831,0.0001,14.184371948242188,6.012382557428745,68.86757701605669,25.81520915031433
124,val,39.9766122529001,0.0001,39.97660827636719,16.94503381424783,70.25876418862276,3.174220561981201
125,train,13.408208191354667,0.0001,13.408208847045898,5.6833874134505376,68.03220457529655,25.415147304534912
125,val,45.3808047207919,0.0001,45.38080596923828,19.2357312143751,78.1325058894344,3.483264923095703
126,train,13.8872935426757,0.0001,13.88729190826416,5.886458134617379,69.06414732198247,25.80619788169861
126,val,39.063348458030006,0.0001,39.06334686279297,16.5579262980904,66.39316782903946,3.190068483352661
127,train,14.325463266725894,0.0001,14.32546329498291,6.072187471967324,68.17282581562466,26.198464393615723
127,val,41.27884433630741,0.0001,41.27884292602539,17.497016864435412,71.13917848024217,3.090484142303467
128,train,13.945375247274583,0.0001,13.945375442504885,5.911078218567307,68.25669967689069,25.93824601173401
128,val,41.31429808645537,0.0001,41.314300537109375,17.51204641408197,72.01073121525882,3.094545841217041
129,train,13.276263488743844,0.0001,13.276264190673828,5.627459540618941,67.2828611047234,26.0181086063385
129,val,40.687574074485084,0.0001,40.68757629394531,17.246394475348037,69.65311651767637,3.2232019901275635
130,train,13.23008891661159,0.0001,13.230088233947754,5.6078867658915525,69.04770769185608,24.928550004959103
130,val,40.62548155351119,0.0001,40.62548065185547,17.22007376430483,71.39924404908815,3.1765787601470947
131,train,13.74368343032169,0.0001,13.74368381500244,5.82558643735909,67.82710816157874,25.458876132965088
131,val,40.7184279239539,0.0001,40.71842575073242,17.259470749473017,71.24977042177926,3.220491647720337
132,train,13.465693956111815,0.0001,13.465693473815918,5.70775363626065,67.19292129290852,26.69183921813965
132,val,41.43504227146958,0.0001,41.43503952026367,17.56322449647714,68.23005446305352,3.618121862411499
133,train,12.651374461113004,0.0001,12.651374816894531,5.362585354793687,67.66363268034019,25.20848250389099
133,val,41.91266687566584,0.0001,41.91266632080078,17.765677946998526,71.59658031288924,3.218127012252808
134,train,13.365532934786094,0.0001,13.365532875061035,5.665298190288641,67.01534994989021,25.646604537963867
134,val,39.391299253521545,0.0001,39.39129638671875,16.69693548400911,69.13529110781627,3.188202381134033
135,train,13.414284747859044,0.0001,13.414283752441406,5.685962406222249,67.86354285784637,24.981810092926025
135,val,39.10727788751775,0.0001,39.10728073120117,16.576548710492702,70.06422486168493,2.473231792449951
136,train,12.98125276083898,0.0001,12.981252670288086,5.502411908909905,67.01459219010626,26.771864652633667
136,val,43.91882548476711,0.0001,43.918827056884766,18.616036768706167,79.27927914381222,3.188260793685913
137,train,13.251251361988208,0.0001,13.25125217437744,5.61685760413171,67.44829834190593,26.86746835708618
137,val,39.81687300710967,0.0001,39.816871643066406,16.877325652666347,67.4178681457112,3.716698169708252
138,train,12.618384342000942,0.0001,12.61838436126709,5.348601567517111,66.81031845713467,23.864866733551025
138,val,39.41233169093277,0.0001,39.412330627441406,16.70585134595113,68.1227995630868,3.0566999912261963
139,train,13.030618107599842,0.0001,13.03061866760254,5.523336858020554,66.68677512492638,26.25949263572693
139,val,40.42706860628995,0.0001,40.42706680297852,17.135971347331584,70.45674093903294,3.127238750457764
140,train,12.81701190126464,0.0001,12.817012786865234,5.432794937927411,66.65879917769671,25.639479637146
140,val,41.17676814686168,0.0001,41.17676544189453,17.453748901122644,71.15304532748405,3.170004606246948
141,train,12.746323171288076,0.0001,12.746322631835938,5.402831238679327,66.25276011349452,25.187139749526978
141,val,41.1786923495206,0.0001,41.17869186401367,17.45456546083986,70.50553017427958,3.254828929901123
142,train,12.34958492850615,0.0001,12.349584579467772,5.234664403049908,65.58688253116053,25.87034153938293
142,val,38.096920383337775,0.0001,38.09691619873047,16.14828173373785,67.10284274087239,3.478347063064575
143,train,13.137865841027462,0.0001,13.137866020202637,5.56879619273457,66.2974476318659,26.15570569038391
143,val,38.96230891834606,0.0001,38.96230697631836,16.515098145159975,66.0178716333691,3.1577067375183105
144,train,12.164874251523004,0.0001,12.164874076843262,5.156370474477966,65.8130267666478,24.841463804244995
144,val,40.14362319021514,0.0001,40.14362335205078,17.015827116305438,69.18902437345102,3.365088701248169
145,train,12.044982797770388,0.0001,12.044983863830566,5.105552163441413,66.33821514830272,26.30588841438293
145,val,38.93109743522875,0.0001,38.931095123291016,16.50186826079116,67.52106152897775,3.222663402557373
146,train,11.858583865181766,0.0001,11.858583450317385,5.026541926048204,64.90286838205805,25.804386377334595
146,val,37.86656593553948,0.0001,37.8665657043457,16.050642211908126,67.30582603868702,3.3879451751708984
147,train,12.805336132434883,0.0001,12.80533504486084,5.427845049938462,65.42085807962931,24.758998155593872
147,val,38.634608182040125,0.0001,38.63460922241211,16.376195677936984,66.430179512026,3.236741781234741
148,train,12.203292767046277,0.0001,12.203293800354004,5.172655585749731,65.31033563997546,26.8174901008606
148,val,40.27938579212535,0.0001,40.27938461303711,17.07337274754495,68.21048607183685,3.14486026763916
149,train,11.967269110759904,0.0001,11.96726894378662,5.072610850887768,65.29516067682582,25.625221490859985
149,val,38.56236667055072,0.0001,38.5623664855957,16.345573880066464,67.55935975010236,3.595755815505981
150,train,12.236107437056724,0.0001,12.236106872558594,5.186564184854324,64.8029314296429,23.97648811340332
150,val,39.9299572800145,0.0001,39.92995834350586,16.92526013349175,69.49222921935228,2.9223756790161133
151,train,11.92582646636449,0.0001,11.925826072692873,5.0550443067924045,65.60283851995278,26.252422332763672
151,val,39.95255661010742,0.0001,39.95255661010742,16.934838944907156,68.18405553857515,3.442796230316162
152,train,11.862189231256044,0.0001,11.862189292907717,5.0280703479743964,64.64926406193655,26.17556214332581
152,val,40.23927008888938,0.0001,40.2392692565918,17.056368902027664,68.7808772990811,3.3463728427886963
153,train,11.546496263497604,0.0001,11.546497344970703,4.894256826429482,64.50621866218597,24.83021187782288
153,val,39.54159453420928,0.0001,39.541595458984375,16.760643311451204,68.16452408511337,3.0574076175689697
154,train,11.358086943064476,0.0001,11.358087539672852,4.814394860657938,64.62919700467235,25.8361611366272
154,val,38.07196135087447,0.0001,38.07196044921875,16.137703647262565,67.35940580781016,3.846179485321045
155,train,12.279427509436305,0.0001,12.279427528381348,5.204926672555259,64.44144022870687,26.0975124835968
155,val,40.54206963741418,0.0001,40.54207229614258,17.18471915397433,70.37856271510346,3.080307483673096
156,train,12.356885010947282,0.0001,12.356884002685549,5.237758436750798,63.79738588149596,24.07295274734497
156,val,38.807430637244025,0.0001,38.807430267333984,16.449449977795783,67.6352955425272,3.5880396366119385
157,train,12.020498610987808,0.0001,12.020498275756836,5.095173366045231,64.74394427521774,26.13971590995789
157,val,39.26267901333895,0.0001,39.26267623901367,16.642416783048063,68.74575981242407,3.081617593765259
158,train,11.617237308129718,0.0001,11.617237091064451,4.924241546026721,63.55176554822749,26.350364923477173
158,val,39.4311686891498,0.0001,39.43117141723633,16.713837461680484,66.99205220467388,3.2282307147979736
159,train,11.783843721203532,0.0001,11.783843994140623,4.99486183444397,63.31003203482052,23.978975772857662
159,val,38.94699353304776,0.0001,38.94699478149414,16.508607708120568,65.48419790897076,3.4501407146453857
160,train,11.72851773143216,0.0001,11.72851848602295,4.971410805297148,65.4625929384007,26.068596363067627
160,val,42.83415541215376,0.0001,42.83415603637695,18.15627322416592,72.08623511440135,3.127207040786743
161,train,11.700748435897056,0.0001,11.700748443603516,4.959639814006811,64.9446955229024,25.43523955345153
161,val,42.66832282326438,0.0001,42.6683235168457,18.08598117658818,72.48429247947448,3.092855215072632
162,train,11.534769406944816,0.0001,11.534770011901855,4.889285918091376,63.83926042706792,24.75590705871582
162,val,38.13995809844046,0.0001,38.13995742797852,16.16652577985534,67.48735052192188,3.327764749526977
163,train,11.32102737201986,0.0001,11.321026802062988,4.798685787800568,65.1131864585143,26.31483578681945
163,val,38.95045670018052,0.0001,38.95045471191406,16.510074281711685,68.03045690281853,3.3209922313690186
164,train,11.743584268743342,0.0001,11.743584632873535,4.977796949065984,63.60091329434665,26.73481702804565
164,val,40.44274181019176,0.0001,40.44274520874024,17.142617011564756,70.25370110913197,3.159834861755371
165,train,10.983748729461771,0.0001,10.983749389648438,4.655722755047662,62.41604713095123,25.006938219070435
165,val,42.28206648393111,0.0001,42.28206634521485,17.922256910911795,72.44331701190593,3.220264196395874
166,train,11.299559799348463,0.0001,11.299560546875,4.78958680627805,63.653348531690575,26.15651798248291
166,val,40.419491322835285,0.0001,40.41949081420898,17.132760084760516,71.06513160254823,3.69879961013794
167,train,11.190304810109764,0.0001,11.190305709838867,4.743276551660666,64.47768282151003,26.62867999076844
167,val,42.377110013094814,0.0001,42.37710952758789,17.96254321854428,74.23355115571059,2.9616141319274902
168,train,11.00108191686046,0.0001,11.00108242034912,4.663069771315455,63.617760746680446,24.636032581329346
168,val,39.53701234297319,0.0001,39.53701019287109,16.75869973762924,68.48586333370194,3.412829160690308
169,train,11.157922482410264,0.0001,11.157922744750977,4.729550263661261,65.71346715571322,26.249890327453613
169,val,42.004056410356,0.0001,42.00405502319336,17.804415216593206,69.54615710986481,3.3338091373443604
170,train,10.593357477926649,0.0001,10.59335708618164,4.490245715635347,62.689322630532544,26.34690952301025
170,val,39.45453710845023,0.0001,39.454532623291016,16.723739663082906,67.44684683836228,3.5055627822875977
171,train,11.040467355066678,0.0001,11.040467262268066,4.679763970920811,62.84998881264817,25.0135464668274
171,val,38.72818954930161,0.0001,38.72819137573242,16.41586269374433,65.91553988580766,3.6222450733184814
172,train,11.162501769274574,0.0001,11.16250228881836,4.731491412058396,62.26620137750797,25.955368757247925
172,val,42.49328904585405,0.0001,42.493289947509766,18.011789045767035,71.5755685392631,3.063880443572998
173,train,10.778759794845325,0.0001,10.778759956359863,4.568833120620516,62.98008001356957,25.93824481964112
173,val,42.08709790778882,0.0001,42.08709716796875,17.83961459972993,71.53051277470685,3.216346263885498
174,train,10.900542350730513,0.0001,10.900542259216309,4.6204534388249,62.74905650124849,25.119633436203003
174,val,39.58529822609641,0.0001,39.585296630859375,16.779167089907464,67.29513906804488,3.055896043777466
175,train,11.156067511529631,0.0001,11.15606689453125,4.728763617517815,63.63418362933459,26.2080180644989
175,val,37.72164868441495,0.0001,37.72164535522461,15.989214283874492,66.67453159987328,3.3442203998565674
176,train,10.67821143869599,0.0001,10.67821216583252,4.52621355423009,61.90504321135718,25.86900806427002
176,val,39.52131352280126,0.0001,39.52131271362305,16.75204598864639,71.82464948356866,2.4842724800109863
177,train,10.994879307730832,0.0001,10.994878768920898,4.6604402064834325,62.89899400837525,25.3735511302948
177,val,41.18767307165897,0.0001,41.18767166137695,17.458371760987035,73.02561020692501,3.0693843364715576
178,train,11.017483476195672,0.0001,11.017483711242676,4.67002184756159,61.87686037291626,25.91516399383545
178,val,39.36113574866093,0.0001,39.36113739013672,16.684151877822377,69.34403165783267,3.5493476390838623
179,train,10.300334136012427,0.0001,10.300333976745604,4.366040919080003,62.288805283709486,26.476102113723755
179,val,40.08574718128551,0.0001,40.08574676513672,16.991294751890425,68.19086552189377,2.5067250728607178
180,train,11.086852335367942,0.0001,11.08685302734375,4.699425677894632,62.36934390061956,25.663679838180546
180,val,40.83461044773911,0.0001,40.83460998535156,17.308718193645706,70.58770447774528,3.2824783325195312
181,train,10.933187009509563,0.0001,10.933187484741213,4.634290892132346,61.840317378839714,25.70656490325928
181,val,41.0422837228486,0.0001,41.04228591918945,17.39674656506132,71.73943056950968,3.2644433975219727
182,train,10.572017767935089,0.0001,10.572016716003418,4.481200093460689,61.12537944028446,25.77886652946472
182,val,41.55177064375444,0.0001,41.5517692565918,17.612703164490544,71.89463047144064,3.1957802772521973
183,train,10.321450528552637,0.0001,10.321451187133787,4.374991949683456,61.96014698540607,25.71451663970948
183,val,38.10245997111003,0.0001,38.10245895385742,16.15063116199352,66.92123839587474,3.485429525375366
184,train,10.152608297007651,0.0001,10.152607917785645,4.303423724366731,61.78437571126903,26.314516067504883
184,val,41.89054468328303,0.0001,41.89054489135742,17.756301254325006,71.80001183299868,3.142612934112549
185,train,10.203353842661436,0.0001,10.203353881835938,4.324933605116417,60.15478894329611,24.971773386001587
185,val,40.8704179243608,0.0001,40.870418548583984,17.32389650268629,71.1020874232079,3.1436514854431152
186,train,10.19423224227597,0.0001,10.194231986999512,4.321067073584013,61.36268333645457,24.31310796737671
186,val,39.23104236487186,0.0001,39.23104095458984,16.62900741723646,68.22620421367621,3.390066623687744
187,train,10.498414093878132,0.0001,10.498414039611816,4.450001852937127,60.7926905203506,25.95768642425537
187,val,38.58998207323479,0.0001,38.58998107910156,16.357278980646498,67.50635097437129,3.2903196811676025
188,train,10.42341742788501,0.0001,10.423418045043944,4.418213021449753,60.27024507504719,24.795167684555054
188,val,40.15406639792703,0.0001,40.1540641784668,17.02025270827775,69.20574087684128,3.1801540851593018
189,train,10.191050341313938,0.0001,10.191049575805664,4.319718133100622,61.07089566131317,25.712941884994507
189,val,39.40041901559541,0.0001,39.400421142578125,16.700803228253815,68.30349323058083,3.3006269931793213
190,train,10.160646252359204,0.0001,10.160646438598633,4.306831042117556,60.09056478818035,25.924593210220337
190,val,39.23770118482185,0.0001,39.237701416015625,16.631830611823105,68.59295272885181,3.6010050773620605
191,train,9.803300786901405,0.0001,9.803300857543944,4.155361639993361,59.66119348297099,26.20467758178711
191,val,40.62971235333067,0.0001,40.62971115112305,17.22186696178283,69.03677759105106,3.011195659637451
192,train,10.129183575601289,0.0001,10.12918472290039,4.293495247527486,59.05263021039474,25.938227891922
192,val,39.02175198179303,0.0001,39.021751403808594,16.540295075998305,70.38833063685877,3.4012222290039062
193,train,9.951445373381029,0.0001,9.951445579528809,4.218156294962014,58.187416084794485,25.81339716911316
193,val,39.13967268972686,0.0001,39.1396713256836,16.590278232391455,69.3088014680495,3.144962310791016
194,train,9.77831625215935,0.0001,9.778316497802734,4.144771426393159,59.06825988779317,25.283223152160645
194,val,40.30575709487453,0.0001,40.305755615234375,17.08455072244615,70.86594684243624,2.731269121170044
195,train,9.90603264831132,0.0001,9.90603256225586,4.198906910221654,59.065569116686966,26.02362585067749
195,val,39.82856856837417,0.0001,39.82856750488281,16.882283221167295,69.75652411244414,3.794009923934937
196,train,9.818011886262733,0.0001,9.818011283874512,4.161597003180745,59.25067988138406,26.413097143173218
196,val,40.113396083947386,0.0001,40.11339569091797,17.003014405019876,70.1561943206906,3.213573217391968
197,train,9.805770718288745,0.0001,9.805770874023438,4.156408615076364,58.0098195149429,24.66541004180908
197,val,39.49342346191406,0.0001,39.49342346191406,16.740224467671034,71.058229450615,2.5005736351013184
198,train,10.101496999592891,0.0001,10.101497650146484,4.281759424898239,57.1235169733644,26.48662495613098
198,val,40.80562843553948,0.0001,40.80562973022461,17.296434224988914,72.00417061488523,3.257086753845215
199,train,9.85175776176581,0.0001,9.851757049560549,4.175900946544479,56.74502017316696,25.95227074623108
199,val,38.28463791355942,0.0001,38.28463745117188,16.227851840043066,65.97894506133187,3.1599152088165283
200,train,9.445906708457253,0.0001,9.44590663909912,4.003871621757493,58.4648853780252,24.533924341201782
200,val,40.15602890939424,0.0001,40.15603256225586,17.02108705444425,69.85513399954043,2.765106201171875
